Comment,Class
Pehle khud toh moti ho lo Tum only patli kamariya in haryana,1
Chal patli gali se Nikal and that Chapra gave so cheap statement,3
Iska to patli kamriya mori haye haye ho gya,3
Mama said itni patli ho gaye ho wanted to lose 2-3 kgs but not like this is sucking the life out of me,1
Big soft milky Patli kamar ,1
gand mote ho ya patli marwani to parti ha babe,1
Tum bhi join karo hum ko thodi patli ho jaaogi 5-6kg kam ho jaayega tumhare,1
Wo bijli ke pole se jyada patli hai,1
Ye banda glass or ladkiya patli hi uthata hai,1
Kya Moti Lagg Rehii Na Pehlese,1
Kuchh ladkiya dieting karke itni patli ho jaati hai ki ladki hone ke sabut hi mit jaate hai,1
Moti ladki mein achcha lagti Hai jyada acchi lagti patli Ladki achi,1
kitni patli hogyi bhai,1
Patli kamriya more haye haye haye,3
Patli gali se nikl kr kisi haqeem k sath baith kr logoo ki khidmat shuru kr dain,3
Ladki bhi patli galee se nikal gayee,3
Koot denge... Nikal lo patli gali se,3
"Patli aur thick chalegi, lekin moti nhi",1
Patli gali pakar k nikal le,3
Mam aap bhot patli lag rahi ho,1
Chal nikal patli gali se pagal orat jahil orat Pakistan k dushman ho tum log Allah Pak tm logo ko barbad kary Inshaa Allah bhot jald Allah Pak tm logo ko dhel di hoi ha k time se bazz aajao,2
bhot patli ho lgta,1
Now peoples are going to judge you in every time Yaar thori patli hoti to achi lagti Bhot achi lagti h tu bus thori sa nose acha hota Yaar long hairs hi ache the Curly Baal hi ache lg rhha the Yaar kapde ache se bana Bus thori si Kali hai bus Teri na eyes bhot hi choti hai,1
Kuch khate Peete ja..bhot jyada patli ho gyi ho,1
"Larki patli Hui toh figure sexy,Larka patla hua toh machis ka tinka,Larki moti Hui toh chubby Larka mota hua toh bhaisa, Larki Naati Hui toh cute ,Larka naata hua toh batla, Larki kaali Hui toh black is beautiful, Larka kaala hua toh kaala. Bhot Nainsaafi hai",1
Ha bhot pyari bhi lagti hai wo itni patli hai ke isse hi diets ki tip dede,3
Kuch khaya kro bhot patli lag ri ho,1
Bhot patli ho gai ho kuch dang ka khaya karo Vaani,1
Bhot jyada patli h,1
Bhot patli ho gai he,1
Hai vo nagin to bhot patli dikhai thi back s nia sharma lagri thi,1
Bhot patli lag rhi iske samne,1
munh itni patli ho gayi ho tumhari hadian nazar aa ri hain,1
Patli nahi bhot jada patli ab unko kon samjhaye apni photo laga dene se kuch hal nahi hoga,1
Mota bhosdika bhot uchhal rha tha saala. Pitta shi,1
Bhot mota hogya,1
Tu chup kar saale gende mote chatukaar chamcha,1
Pakistan chala ja saale mote takle,1
Abe saale mote hippopotamus retirement le lele jaldi odi or T20 se,1
Sab ke sab mote hai saale,1
Gand me itna goli marenge saale peetal hagega mote bhosdi k,1
"Abe Saale Pregnant/Mote/Nikamma/Nalle Captain ""Rohit Sharma"" Sirf Bowlers Hi Nahin Tu Bhi Aur KL Rahul Bhi Haar Ke Uthne Hi Zimmedar Hai.",1
Saale mote se 2 run nhi bhaage jaate h,1
Us saale mote kutte director ko latka dena chahiye,1
"Rohit sharma mote saale , retirement le le",1
"Chup saale gol-gappe ,andhe,mote tere baap ki sarkar hai wahan par...shakal aur dil dono kaale",1
Pak foj murdabad Pakistan murdabad,2
pathan murdabad,2
ECP MUNSHI MURDABAD GO TO HELL,2
"Ulta ker ke dal le apne me, ek vaar ker diya gai murdabad ad, phir time aa gay hai kerne ka",1
They say goli Maro muslim  gadaro ko ,2
"stop_supporting_lgbt, chakke saale, hijde ",2
Is manhoos qaum ke gaddar Owaisi ko vote nahi jute maro  ,2
muslim ko maro nafrat Karo yahi hai BJP ka maksad,2
Jitna muslim naam ke youtuber hai saalo ko laat maro..gaddar hai saale atank macha rakha hai.,2
Buddheisto ka bahiskaar karo,2
 Ooh Madam Islam Is Allow To Kill Non Muslim with Bomb Blast ,2
BoycottPathaan  Sanatani bhaiyo thoda jor or lagao ees hakle ko dhuul chatao,2
"Islam is the best thing that Allah bestowed upon us, Pakistan mujhe pyara hai",3
Saale tum log ka kabhi muslim nahi ayega sirf hindu raj ayega aur koi nahi rok sakta hai ane se,2
Qur'an matlab promoting terrorism that's it,2
tere gand mai agar dum hai to Islam pe aasi movie bana ka dekha ...,2
TUMHARA PAKISTAN TERRORIST COUNTRY POOR COUNTRY,2
Gali gali mein shor hai Allah Madarchod hai.,2
Kyon katwe to baithta hain kya masjid ke bahar jumme ko,2
Is katwe ke upar desh drohi ka kesh darj hona chahiye',2
Indra Gandhi ne to n jane kitne lakho hinduo ki nasbandi jabarjasti krai thi taki katwe aage bade  agr nhi pta ho to apne bap se puchh lena',2
Ye saale kha kha kar mote ho gaye hai,1
Bina name liye sach bola to itna dard hua tere ko jo tu kisi ka name leke unki maa ko idhar la diya .... Saale mote teri to akal bhi moti hain...  Tere mata ji nhi h kya... Tu download hua tha..,1
Saale mote gaand gufa putra bhakt maderch**d ...shakal dekhne aapna aayne Mai..bhagg toilet saaf Kar jaa Kala bhes,1
Ekto yar jise dekho indian team m sab aise mote mote kyu hain bc...fitness pr dhyan do yar inki..sab kha kha kr gaddu ho rhe h saale,1
Saale Mote Tum Teeno Retirement Kyun Nahin Lethe Ho Be International Cricket Se.,1
Is mote bhainse ne pehle hi haar maan li hai lagta hai.. in kutto ko ipl khilwa lo bas. Saale naak katane ke crore fees lete hain...,1
Saale mote sharam kr kuch besharam kahi ka,1
"Matlab iss yatra me aisa ek admi nahi mila jo isse tej bhag le, sab saale ya to isse mote, isse buddhe hi aate hai milne aur bhag k koi pm bann jaata to mai to bolra pt usha ko bana do pm",1
"Chor saale, chori kar kar k mote ho gye. Suar ki pooch ki tarah inki choti lagti hai",1
Inke Netao ko Target karna padega Ankur bhai.. Ye chote mote to Jhund me aate h,3
Phokat ka khaa ke mote hogye saale! Thoda police station mein rahenge toh fit hojaenge,1
Bhais ka chara khane wale janwar ko khula nahi chhorna chahiye Kha kha ke saale mote ho jaate hai,1
Bc mote logo ko jhoothii tasalli Mt Diya kro.. phir saale efforts hi nhi lgate,1
"India ki economy UK se jyada hai. India ka comparison USA,CHINA, RUSSIA,JAPAN se ho raha hai. Tum jaise chhote mote bhikari country se kya fayda humein. Saale bhikari kahinke",2
tu hi panauti hai bsdk mote saale,1
tera dimag ghutne me hai kya? Saale Jihadi kam kha warna Fatt Jayega ,1
Ye mote kae liye pakka mms rakha h sabka,1
Ye hoshiyar chand log hai...Inki dawai mote dande se pitaai hai,3
Saale mote apna kaam kar shoooo Go back Simon,1
Teri gaand kyon jal rahi be saale mote,1
Ye vote lekar mote ho gaye sab bech bech  kar,3
"Smjh nhi aata kuch ab. Sach me, bhot logic, dimaag lagane ki kosis ki bjp k bare netaon k decisions smjhne ki. Saare saale kha kr mote ho gye hain",1
 din bhar ac me rehne k karan they forgot tht we don't want sabka vishwas. Hindu are killed and these shameless don't utter a word,2
Saale mote apni tond sambhal pehle,1
"Aur sabse zyada gussa tab aata hai jab zara se mote log ko duniya kehti hai khaate peete ghar ke hain, I mean hum saale koi bhookhe nange thodi hain.",3
ab ye mote saale gulab jamun bhi khayenge,1
"kha pi ke mote ho gaye ho, saale ko bhi amir bana diya",1
Pet dekho inke kha kha ke mote huye pde h kam to koi be neta nhi kra ta chahe bjp ka ho ya congress ya koi or party saale sab khane kamane aate h,1
Sab Kuch In Logon Ka Kiya Hua Hai Saale Mote Madarchod Randi Ki aulaad loduchand behen ke kode saale,1
Abe saale iss mote se hilaya to jata nhi or woh tumara golgappa Shah bhi aisa h chor,1
 Ye saale police wale ghoos kha kha ke mote ho rhe hai bs army wale ko gyaan pel rha hai sala ye dalla daroga sarkaro ke tatte hai police wale sale sb,1
Mote mote petle Wale nange ghanta bajane Wale kha gye saare paise saale tax bhi nhi dete,1
Chup pe mote saale,1
"Saale mote suar, 4 km ki daud to hoti nahi tujh se , army ki baat karega bhrashtachari",1
saale mote se hila jaata nahi nahi hai..na hitting hoti hai..most fuddu player,1
"buddhi kharaab ho gai hai modi ki.\nBc barbaad kar denge ye Army ko, khud ye saale officers mote mote pet fulae apna future secure rakhte hain",1
ABE CANADA MEIN BAITH KE HAMARI  INDIA  KO “HELL HOLE” KAH RAHA HAI SAALE TO THAHAR MERE SHOHAR IYERVVAL GANJE MOTE KHDOOS KO AANE DE TERI TO,1
Saale ye kya hai kisne kiya ye itne mote aansu..,3
"Abey mote saand bewde saale, Poora khaandaan saala haathi kaa jhund lagta hai, Jaa khujliwal kaa muh me lele bos dk, Free ki bijli aur paani apne aur apne poore khaandaan ki gaand me daal le",1
chal bhai shuru karde meeting raat ko sharaab peeni hai please bhai,3
Bsdk mote umpire tmkc ek din fatt jaayega saale,1
Abey phle khud ki dekh ....saale mote gainda kahi ka,1
ye sirf chhote mote gaav aur kasbo me hi dekhne ko milte hai,3
Abe mc mote mangat #Runway34 ka advance booking start kro beyyy Panauti Saale,1
"Kitna mota hai be tu, saale mote pratik",1
"Abe tilchate jaisi shakal k, pura din yhi kaam rehta h kya, mote saale hathi",1
abe gaandu mote ke fan mujhse seedha bat kr teri saari charbi nikalta hu m..saale teri gaand q jalti h king kohli se..tere mote rohit ne bhi nhi jeeti h abhi tk koi icc trophy virat ne to fir bhi under 19wc jeeta hua h,1
"Arey mote teri MKC , sand saale",1
Saale police wale kha kha k mote bus ho rahe hai har 6 mahine me physical test hona chahiye in logo ka,1
Mote saale chuuchi master totle bhosdik,1
maro saale mote ko aur maro,1
"Chup saale, mote",1
Mote Saale,1
Mote Gainde ke bacche,1
Abee woh mote rohit ko team mein se hata,1
Fattu saale gandi shakal ke ,1
moti gand ki aulad ,1
mote suar ke bacche chup hoja,1
"bona sala thida, thoda basketball khel, latak le kahi jakar",1
"haddi nikal rahi hai bahar teri, skeleton bio lab wali, sukdi",1
"kitna sukhogi, kuch kha lo varna kuch bbachega nahi tumhme",1
Saale .. mote thulthul ... Shakal aur jism behuda hai to kya baatein bhi aisi karega,1
Shii me yaar aur mote bhi nhii hote saale,3
Phir wali kaali raat aur iss sunsaan kaali raat me uski yaadein ,3
"Zindagi main kab konsay mor pe kon aap ko mil jae, Phir wo dost aap ko har kaali raat se bahir nikal le, Jab zindagi main kuch nazar na araha ho aur wo dost aap ko rasta dikhae, Allah aise dosto ko hamesha abad rakhay khush rakhay",3
Kaali kaali zulfen playing in background ,3
"Kaali saree mai kamaal lagti hai tu, bus saree ke sath guda to kabi rakha kar, Mana main thoda majakiya hun lekin Tu conversations mai serious topic to Rakha kar",3
Apni mooch to kaali ker leta apne maalik Kejriwal ke jaise ,3
"aankhein kaali hori hai, so nahi Rahi kya. Me: mujhe neend aati nahi hai akele, khwabo mai aaya karo",3
Ye kaali nazar or kala saya Pakistan per pichle 75 saal se hai jin ki hum balain lete rahe aha pata chala hamara khoon unhi ke asteeno per hai,2
"ab bade mazele rahin hain haraamkhor, saali kaali dil wali,naukarani",1
Uski billi kaali ha,3
Raat Andheri Chaayi Badli Kaali Hai Sone Waalo Jaagte Rahiyo Choron Ki Rakhwaali Hai,3
"sirf khane me to energy waste karti hain tu,kaali saali",1
"aap to chudiya hi Tod daalo, kaali Saadi pehan ke gali gali Bhatak",3
"saundrya ka charitr haran karne wali , priyanka ko galiyan sumbul ko kaali kaha, shame on those who love her",1
bruh i thought i was over my desi boys in kaali shalwar kameez era,3
Kaali billi dhek kay dar nhi lagta,3
Jai Kaali Mata,3
kaali kamai bahar jaati hai waha se wapas andar aati hai desh main waise company ka asli maalik kon kon hai koi na hi jaanta,3
muje to bas kaali line dikh rahi hai aap dekho to,3
Tu hi hai vo kaali daal jaisi,1
tu to gatar mei jayega muh mei teri tatti hogi kaali soch ke suar,1
"Attack on Adani is attack on India desrve BJP &amp; AAP rule.#HindenbergResearch, Ab mat bolna ki daal kaali nahin h",2
Meri kaali naagin,1
"Na bhncdha dheeyan thodiya gore kaale layi phirdiya, adhi state ankur narula kha geya, kaneda ch saale nasheya karke mari jaane",2
jiitne kaale mere baap ke saale,1
"Aaj dikhaa hi do, Saale Kaale hi hogi",1
Tere se to behtar hai saale kaale kabootar,1
honth dekho saale k koyle se zyaada kaale thay,1
"Kya North Indians laga rakha hai, bc hum gore hote hai tumhari tarah kaale nai.",1
"Jitne bhi lad rahe kaale hai sab, Karnataka side ke lag rahe.",1
Tum saale South Indian mallu sab kaale hote is liye jalte na hum North Indians se,1
Tuhadi maa ne saale rang kaale de,1
They will invest in woke shows. Kaale logon ko daalke Witcher banayenge saale Netflix waale,1
jalne wale tho humse jalkar kaale ho gaye hai,3
Baahar mat nikal jaaiyo ye tweet karke..saale kaale teetar,1
Saale kaale kutte apne ghar ki bhu betiyon ko bikani Or chddi pahna k bhej,1
"Leave India,or shut your pie hole and do something for the country and people of the country.Saale chore khandaan ke kaale chiraag",1
Saale baghair barish waale kaale badal laaye hain apne sath,3
2 km dur tak kaale kapde bhi nahin sahen kar sakta,3
Tanne kon kahe bahu kaale ki Main khaal teyar lu saale ko,3
"I just saw a hoarding in Delhi Airport that says ""the Darkest Black Friday sale ever"". Yeh saale brown sahib nahin..kaale saahib hain ..sabse kaale",1
YEH KAALE COAT WALI ADVOCATE URF NIMRIT #ShiivThakre or #ArchanaGuatam KI ladai Fight me Bina baat ke AA rahi thi,1
Jitne Kaale saare kejriwal ke baap ke saale,1
ab ankh paar aaise saale tm logon ke kaale badal aaynge,3
Desh ke Judges ko Security kyu di jaati hai marne do Do Teen kaale kauvon ko tabhi saale sudhrenge,1
Abe bsdk ab aur kuch bola na hamare nabi ke baare me to teri khair nahi. saale bsdk ja jaake pehle pata kar tere kaale lende ki kitni bivi thi Google kar pata chal jaayega saale ladkiyo ko nahate hue dekhna aur unke kapde chura ke bhaag jaana,1
mujhse jalne wale jal jal ke kaale hogye unke bahne mujhpe marti wo mere saale ho gye,1
Jhadu pocha to tum blacky ugly Indians lagata Ho,1
Abey kaale kutai jaise shakal hoti hai tm ugly Indians ki.. Saale sb k sb shakal se toilet saaf krne wale lgte ho tm logg... Slumdogs ho tm logg.. Bhool gaya kya... Hahahaa... Bichare blacky ugly Indians,1
Mujhse jalne wale jal jal ke kaale ho gaye,1
"muh de mithe, dil de kaale Gaandu saale",1
Buddhe tu apne hath k chullu bna phir usi chullu me kisi kaale kutte ka moot lele or usi me naak dooba k marr ja saale besharam,1
every muslim is a terrorist inko pehle bhi nikala tha ab fir nikalege,2
9/11 ka terrorist act inhi muslim ne kia tha,2
yeh islami hi terrorist hutte hein ,2
"Yeh sahi hai, Pehle sikh ko maaro, zinda jalao &amp; ",2
Inn mullo ko kya mlm veer kya hota hai veerta kya hoti hai....bas sar pe kafan bando kaafiro ko maro jalao desh banao usko islamic terrorism,2
sale mullo ko zinda jalao desh bachao,2
"dalit ko maro ,Muslims ka katal karo Sikhs ko jinda jalao",2
if you're a muslim you're a deshdrohi,2
Toh fir tum muslim jo jaha ho danga karte ho or desh k tukde bhi tum hi deshdrohi ne kiya tha bhul gaye kya converted,2
Ye sale chude chamar bhangi apni jaat dikhaye nhi mante...,2
Are chor sale apna dekh sauda mat kharido bekuf chamar siyar dalit sale,2
Abe sale gufa Putra ja k DNA karwaa le apne ma baap ka pkka kisi chamar ka hoga,2
"CHAMAR sale, Nali Saaf krne wale,",2
yeh kitna kala hai aur ladki chahiye cute ,1
lesbian lag rhi ho didi,2
LGBTQ community is bakwas,2
Deshdrohi Part 2 kab aa rahi hai ,3
ye sale mulle kutte ki mout mrege sab ke sab,2
 Me to khta hon Muslim ko india se bhgao desh me gandgi faila rkhi h,2
Ye Ab Bilkul Bardast Na Kiya jaye En mullo ko sb Des bahar Kiya jaye ,2
bhai in muslims ko bhgao india se...',2
 islami ko bhart se bhgao',2
Dekh kya rahe ho..goli maro salo ko madharchod islam ke pillo ko,2
 pick guns and shoot the Khali sardars. Maro madarjat Khalistaniyon ko.,2
islam dharm yahi sikhata he shayad antankwadi bano aur dusre dharm ke logo ko maro,2
Hindu gaddaro ki gand maro sabki,2
Kyu taki yeh log fir se atankwadi paida kare aur bole ki ja beta hindustan ke hindu o ko maro hindustan ke sainiko ko maro \nAisa karne se tume jannat milegi',2
Ye sardar pagal h inko ye nahi patta ki ye bhi hindu h Jo muslimo ka samartan kar rahe h dub maro,2
Maaro madarchodo ko jo bhi hindu ladkiyo k sath dikhe,2
hindu ko maro Kato unki betiyun bahun ka rape kro ,2
Aur karo anti Hindu ..  All uve learnt and taught is to kill hindus and nothing else,2
Satya to yhi hai ki hr ek atankwadi musalman hi hote hai,2
"when someone speak truth then play hindu musalman, atankwadi, Pakistan, why you andhbhakto defend your pappa",2
Agar islam ni hota to duniya aram kr rhi hoti kyuki sare atankwadi islam ko follow krte h.,2
Har musalman paida atankwadi...aur marta bhi kutte ki maut ,2
hr atankwadi musalman hi niklata he....sale deshdrohi.,2
Islam khatra hai yeh atankwadi paida karta hai bus,2
Ye sale hindu bante hain atankwadi sale zahil,2
china ki toh gaand waise hi fati padi h..lavda war krenge ye bsdk chinky chinese,2
Abe chinky chutiye 140 ke 8 momos kB se ho gye be ,2
 Abe chinky dekhne ke liye ankhe kholni padti hai.,2
mujhe to sala itna gussa aata bihari up mp walo ko dekhar bilkul education nahi anpadh gawar he ek number ,2
sala bihari aadmi kitna bhi padh likh le rehta suar ka suar he,2
Kala Bihari gutter chaap tujhe Smartphone mil gaya,2
Bihari sala ek number ke chutiye hote hai kasam se',2
Pheli fursaat me nikal. Bihari sala,2
"gawar sala , bihari , iss liye bihar ki esi halat hn.",2
Desh Mai Hindu Muslim krne walo pr Puri trh se ban krna hi pdega ,3
Bhgao na terrerisom ko desh se ,3
" Mai bhi musalman hu, mai to atankwadi nhi hu",3
atankwadi musalman nhi hota or musalman atankwadi nhi hota,3
kisi ka v dharm galat nahi  sikhata hai or sirf musalman hi atankwadi nahi hota hai,3
Atankwadi ka koi dharm hi nhi hota ,3
chutiye kisi ko chinky nhi bolte hai.,3
 Being a bihari aise post dekh ke bahut sharm aati hai bhai,3
All muslims are not terrorists,3
"Hindu, MUSLIM ,Sikh, Isayi...hum watan.. hum naam hai ",3
Watch deshdrohi,3
He is auditioning to be lead hero of your movie Deshdrohi 2,3
in sab bdsk walo ke muh mein mitti jaati h har baar par eske kaale gaand mein itna dum nhi ki ye apni jubaan pe kayam rah ske.,1
There’s a saying in UP…Saare Kaale baap ke Saale,1
"Is kaale chasme wale kutte ko wahin pelna thha, aise lovers mujhe kyu nahi milte",3
Abe saale kaale kutte maaf krna main gusse me idhar udhar nikal jata hu magar tu bolte hue ekdam bandar ka aulaad lag rha hai,1
Saale kaale teeter jaake apne budhe hote baap owl gaandi ka gaan chaato,1
Kaale kavve saale shakl acchi nhi hai to kya hua kbhi baat to acchi kr liya kr chutiye,1
Arrey kalua bharat toota hi kab hai re jhandu jo jodne chali hai teri nakli party saale kaale teetar,1
safed aur kaale kapde vale hi pappu ko kyu gale lagte hai,3
innke khud ke itne kaale raaz chupe hai,1
Pagle kaale teetar delete kr de sabko pta chal gya ki fake hai.,1
Oh bhenchod tm ko saale kaale kauwwe se bhi gye gujre ho be dalle,1
AMB lo inka full kaale,1
"Chup saale gol-gappe andhe,mote tere baap ki sarkar hai wahan par shakal aur dil dono kaale",1
Abhi ruk gayi hai magar yeh kaale badal saale darate hai,1
Jitne kaale feku ke saale kamal washing powder me daal kar saaf karke bahar nikaale,1
Upar sirf kapdo se nhi ye saale under Mann se bhi kaale hai. Kaale gulam hai ye,1
Saale itne kaale logon ko kaise bula lete hai,1
saale ko kaale kapade lapetna hoga,3
Kaale Jale hue Baigan Saale Chor Shakal Acchi Nahi Teri,1
Kaam Toh Acche Kar Kaale kauwe Paytm Chor Kutta kidhar ka roz kitno ki gaali khaata,1
tu re suar ki shakal wale,1
Insaan ho ya janvar Kaale kaale saare baap k saale Is kahavat ko sidhh mt kro,1
In Haramio ke saale dil dimag or shakal bhi kaale hai,1
Saale kaale dhande kerne main sabse aagey,3
Kaale Kehndе Big Dripp aa Mukkda Ni Chetti Jehda AK Da Clip aa,1
sarkaar ki galti hogi iske saare kaale chitte kholo aur andar karo saale ko,1
Saale kaale teetar Tu pehle president to ban,1
Saale kaale Gulaam bas itna bata do aisa kaunsa Khajaana haath laga jo yeh arab pati bana hua hai Businessman toh hai nahi bas ek Neta hi toh hai,1
Saalo aatankwadi ta tussi ho  gaddar saale kaale naag,1
saale kaale oh vi saare,1
Teri ma chud jaaye kaale kutte se… tere marne pe kutta ni bhikna… sidhu k to crore fan henge bc saale randi k,1
aaye the politics mein aur khud kaale ho gaye,1
 It means jitne kaale sab mere saale. You guys were assaulted in America,1
Pehle baar tumhari Shakal dikhi Tum dikhne mein itni bhaddi ho,1
Kaisi bhaddi shakal hai iski shakal aisi hai aur munh se tatti karti hai,1
Bachpan main auditions se bhaddi shakal ke liye gaand pe laat padi thi isko,1
hum tv hi nahi chalate kyunke pata hai koi bhi channel lagao yehi ek bhaddi shakal dekhne milti hai,1
Shakal wahi bhaddi,1
"for simple reasons I haven’t seen a single Koji,Moti,Bhaddi shakal female ever given reserved seat.All political parties leaders chose the pretty & attractive show pieces to be sent into parliament. Disgrace",1
"Mohtarma ki Shakal he itni bhaddi hai, aur vichar bhi waise he hai. Apne aap ko cool samajh ri hai, pr chomu lag rhi hai ek number ki",1
Abe munh Kyu nahi dhota Tu? Itni Bhaddi shakal,1
Pihu bhaddi si shakal waali,1
Ap k dada Abu ki shakal kitni bhaddi hua krti thee ap k papa ki tarha,1
Yeh Katrina ki Bhaddi shakal ki yeh Gif post karke bohot bara comeback karliya,1
"Yaar tum to ye sab kar k bhi kisi ka attention nahi le pai ?? Shakal to bhaddi hai, jism us se bhi bura",1
Priyanka is so irritating chee uski shakal dekh k gussa ata hai bhaddi,1
Tu suar hi rahega MC…kittni bhaddi shakal hai teri haramkhor,1
jitna main @ShivThakare9 ko dekhta hu utna hi jyada gaali dene kaa mnn krta hai iss nich aadmi ko itna gira hua bhaddi shakal ka aadmi hai,1
"Thankfully this face is far beautiful than Chhoti chugli and manipulative aunty Mina. We'd love to see this face anytime over aunty tina's fake, irritating, befijool bhaddi shakal",1
Abe insaan ki bhaddi shakal mein kaale janawar .. thodi toh sharm kar,1
Abe shakal achchi na hua kare to baat to achchi kar liya kar Ya shaqal ke jaise baat bhi bhaddi hi karni h,1
Iski shakal hi bhaddi hai. Jaane do,1
Apni bhaddi shakal leke tum gyan na pelo Jiss insann ne is desh ki nagrikata nahi le rakhi hoo usse koi hakk nahi hai,1
"Tere jaisi bhaddi shakal hoti inn dono ki ,aurr kya hota",1
"Anpadh Singh likhna Sikh le, ek to shakal hi bhaddi si hai upar se mota dimaag",1
Who brought you? No one will. Saale shakal bhaddi hai harkate to theek kar le,1
How mad girls r itti bhaddi shakal ka ladka,1
Teri bhaddi shakal dekhi nahi jaa rahi mujhe,1
"Abe bhaddi shakal k , abhi bat hath se thik se pakadna bhi nahi aayega, aur chala hai Gyan Dene",1
Itni bhaddi shakal dekh ke liye bhi himmat chahiye,1
Abhi ek bhaddi shakal ke saath pic fek ke marunga sara boys in kurta nikal jayega,1
bas Apni bhaddi jesi shakal and buddhi se chutiya bate hi karni hai,1
teri toh shakal vaisi bhi bhaddi hai bro. Badlo na badlo. Followers kam hote rehte hai ,1
Bhaddi shakal wali aurat !!! Chhii,1
Tum chutiye ho bina research apni shakal jaisi gandhi bhaddi sadi hui khabar failate ho,1
gandi shakal...bhaddi....week mey ek baar nahane wali hogi tu,1
Teri to shakal hi aisi bhaddi hai ki kya hi samajhdari ki ummeed ki jaye,1
Mujhe tumhari shakkal bahut hi bhaddi lagti hai..Kahi muuh badli hota hot toh plz badalwakar aaao,1
Bhikari ki shakal aur character bhi tumse acha hota hai Tum is duniya par laga hua daag ho,1
Tumhari shakal dekh kar ultiya bhi aaati hai aur daya ki bhavna bhi,1
"Iski shakal hi itni bhaddi hai, dekhne ki himmat nahi hoti bhai",1
"This one for bhaddi si shakal .Bilkul naa akal, Budhe se pat gyi haye",1
Is bhaddi se shakal wali ne musalmano ka khoob mazaq udaya apni har video me,2
Itni bhaddi shakal walon ko milne wali ki shakal kitni buri hogi socho,1
party ke ek bhaddi shakal wale neta,1
Isme sheeshe mein apni shakal dekhi aur bhaddi lagi to sab log apne sheeshe mein iski shakal kaise dekh sakte hain,1
inki shakal itni bhaddi hoti k doosri dafa dekhne ko dil ni krta,1
iski bhaddi shakal dikhane mein kyu insaniyat yaad aaegi? Expose her everywhere,1
"Ugly bald takle uncle, u should keep ur mouth shut if u don’t understand economy. Jitni gandi bhaddi tumhari shakal hai, waise hi Akal hai",1
Sharir ki maafi maangne wala iska kya jawab dega? Shakal bhaddi,1
saara paisa wo bhaddi shakal wala takla hadap gya,1
bhenchod tum saare gandu log apni shakal ki tarha bhaddi hi banate ho,1
Uss bhaddi chez ko shakal kehte hai kya?,1
Agar shakal bhaddi ho tumhari toh tumhe bhi tatti ladke he bhao denge,1
Tum logo ki tarah bhaddi shakal aur kapdon me nahin,1
Vote to kamal ko hi gya h… jbse kamal khilaa h desh me,3
Yeh shayad apne maa baap ki baat kr rha h,3
"303 seat hone ke bad bhi,hai naa kamal ki baat",3
Pehli baar jab tujhe dekha tha laga tha ki tu sabse alag h,3
Ap ki baat pe yaqeen karun ya inki,3
Kamal ki baat hai FPO k price nai change kara aur khareed kaun raha hai current price se upper,3
Kamal ki baat ye h sare Paki isko attention v de rhe h,3
desh me sab se jada bihari he other states me din raat mehnat kar rahe h ,3
KAHI TOH MILENGE WOH BANKE BIHARI,3
 jo sanskar hum bihari ke pass ha wo kahi nahi milegai ,3
Bihari kahi ka,2
Bihari hu गर्व se kaho,3
ye bihari hote hi gwaar hai bilkul behave karne ki tameez ni h,2
Bihari bsdk ek vadapav khila do maharshtra me kahi bhi khda ho jayega apne baap ke sath,2
abe bihari kahi ke english seekh ke aa pehle,2
yeh bihari sala kabhi nahi sudhrega,2
bihari desh ki bimari,2
kahi yeh dekhne ke baad bihari ghusse me 1 aur train na jala de,3
ye bihari log army me jane ke layak nahi inko country ka koi respect nahi h,2
kar di na bihario vali harkat,2
Apna DNA karwa le Bihari Berojgaar koi au niklega,2
Bihari Berojgaar chal ab line me lag tuje gehu lena h,2
tere jaise Bihari Mumbai ki sadko par bheek mangte h samjha ,2
Koi logic hai toh bol Bihari Kahi Ke ,2
Ye to sala paglya hai bihari kahi ka,2
Aur sun tu Bihari tujhe to kahi comment hi nahi karna chaiy,2
Bhai sahab aap to ultra level ke chapri ho rainbow gender person,2
"Aukaat mei raho chinki log, sabko malum hai tumlog kitne helpful aur peace compliant ho",2
abe shkal dekh apni chinki jaisa dikhta hain,2
daily 10-20 chinki ko marenge ,2
Sab chinki log ek hi lagte hai,3
"Hello Chinki, I have a question",3
iski to ankhe bhi chinki jesi h,2
abe alien jesi ankho vale chinky apni gand khi or jakr marwa,2
NE india ka hi part hai…vaha ke log chinki nhi h,2
shkal se hi Bihari majdoor lagta hai ,2
tum bihar ke log itne chapri kyu hote,2
Aadhar card pe apne baap ki jagah babar azam likhwale bihari-Majdoor ,2
 Bihari majdoor log toh bahar jaate kaam k liye ,3
You Say Bihari I Listen Majdoor ,2
 sare bihari majdoor hi to dikhte h ,2
are bihari tu to office ja kr bhi pocha hi marta hoga,2
 North India me bihari ko nokar ya majdoor ke naam se hi Jana jata hai,2
 Isse achha mai kisi bihari majdoor ko kaam pe rakh lu,3
 Jaise bihari desi majdoor h waise hi punjab Kerala wale videshi majdoor h,2
Chapri Majdoor bihari Emoji daal kar cool ban raha,2
 ye bihari majdoor free ka cake khane kahin bhi pahunch jaata hai,2
bihari to janmjaat hi majdoor hote unko kaam maangne ki jarurat nahi,2
Tavi to bihari Bahr ja rahe majdoor banne ke liye,3
bihari majdoor to streotype ban gya hai ,3
teri tarah bihari majdoor nahi hu mai bhrwe,2
he looks like the bihari majdoor joh 8 ghate ka shift karke aaya hai ,2
 You are bihari majdoor muh me guthke ke bina baat nahi hoti tumse,2
Chup baith bihari majdoor,2
 Sahi hai sabhi bihari majdoor nhi hote,3
Bihari majdoor ko toh bihar ke sarkar maar rehi hai ,3
Sahi kaha Habi hamne kuch Bihari Majdoor rakhe the,3
abea ja na Bihari,2
ye itna mota or kala hai pakka madrasi hi hoga,2
Abb bol na madrasi chaap,2
"saala madrasi ,kale chuthiya",2
bahar kale logo ko exotic bolte hmare yaha madrasi bolte,2
Hey your lungi is flying away kale Madrasi,2
South Indians ko kuch log madrasi bolkr refer karte hai they should not insult them like this,3
Punjabi brahmins have no relation to these kale kalute madrasi brahmin,2
 bhaag bhosrika lungi madrasi,2
madrasi log kitna bhi gold phen le lagege kale hi,2
Abea kale Madrasi,2
Madrasi log dimag se tez he,3
oye madrasi idli sambhar kha kha kr tera dimag bhi idli hogya h,2
 madrasi-Kale chane,2
Yeh kale Madrasi Rakhash jaat ke hain,2
ye Madrasi hoga alag hi dikh rahe kale,2
Spicy madrasi aloo with Kale chana chat,3
krtky madrasi lungi pungi wale chutiye kale bazari,2
Madrasi biryani tastes amazing ek bar to try karna banta hai,3
abe madrasi idli hindi bol,2
Bhag Madrasi,2
Madrasi kutta,2
south india aao to madrasi food is a must try,3
you madrasi people eat with barehands and elbows pehle tarike se khana sikho fir hamko gyan dena,2
Sala Chinki kai ka,2
Aye Chinki  Chinese,2
kamal ki baat h PATHAAN 600 CRORES WORLDWIDE,3
Box office ke saare purane records toot rhe hai aur nye ban rhe hai,3
Godse ko tou ho gayi thee fansee.. abhi kis gandhi ki baat kar rahi hai.,3
koi baat na jaa maaf kiya,3
Kamal ki baat hai ek insaan ko itna kuch lagta aur dusre insaan ek cheez se zindagi chala leta hai,3
Pathan ki baat ho rhi hai adani ki nhi,3
"Jab Muje Dukh hota hai toh main apni balcony main aa jata hu, aur jab muje sukh hota hai main apni balcony main aa jata hu",3
Aab wo baat shi nikla ki tu baas alag nhi sath mei kamal bhi h,3
"Kamal k hai aap. Jab bhi makkari patrakarita ki baat chalegi,aap bahut yaad aaoge",3
Apni baat humlogon par mat daliye..ECR Ka blur revenue report aur 10-12 paper cutting dekhiye 4 saal se chala rahe hai..hum nhi chala rahe,3
Maine pahle bhi kaha hai aur phir kah raha hu ek baar open debate ho jaye media par jagah bhi tum logon ki.Hum aa jayenge,3
Sahi baat hai baki sari party to ek dum doodh ki dhuli hui hai Kamal hai,3
Bhai aap ki baat ek dum sahi hai,3
Vo kya khte hain vo is chiz se panic nahi honge aur na hi offend honge mere ram Kamzor nahi hain,3
Jiske sabse jyada RAM priye hone chyaie. Unhi ne unke Sab jala diya bahut hi sharm wali baat hai,3
Kamal ki pagalpanti hai.. zameen ki baat kar nhi pate ab latak kar dikha diya ki ,3
"Sahi baat hai kamaaye ye growth ho iski or jb dubane ki baari aaye to Bharat par hamla , Kamal hi kar diya",3
Akele akele chay ki chuskiyon ka aanand Lena achi baat nhi h,3
"Recently field mein thora slow hai , aur rahi baat hamari team ki tu vo tu thik hai",3
Oho kamal ki baat h fir Mene toh aaj tk srif pulao khaya h,3
yah Kamal ki baat Jo Apne kushasan mein jhanda nahin fahra sake vah Modi ji ke sushasan mein jhanda fahrane chale Hain,3
Bhai 10 logo ne 5 ghante tak trend kiya .ye bhi Kamal ki baat h . shout out to total 10 shalin ke sher,3
Tum kis monh say external pressure ki BAAT kertay ho,3
Yaar ye kya baat hui mujhe kisi ne bataya hi nahi ki  baby ka trend ho raha,3
fielding achi nahi but vo jo bol raha tha ky hamaray tu galli ky bachy bhi bht kamal fielders hein,3
Bilkul Maine b yahi socha or kaha,3
Bilkul Theek Faisla kia hai Aap Nay,3
"Ab ye torcher bhi jhelna padega , Nahin bilkul bhi nahn jhelenge, thank you",3
Bilkul Sita bta rahi hai maine bhi ye verse share ki thi per appni baar nahi manna,3
purano k reference la sakta hai,3
Bilkul Afganistan me Pathan ki bibi ki kapde pahan kar admi desh se bhaag rahe the,3
Der aaye drust aaye bilkul theek kiya,3
Pahad mein charas naheen miltee ,3
Bilkul shi baat hai adani gya to bohot saare saath jaayenge,3
jee bilkul yahi bat hai no one is friend,3
Yeh to bilkul clear tha k yeh sab hu ga. Lekin counter strategy kya hai?,3
Bahut aapko Dukh ho raha hai theek Kiya Hai Koi Karuna bhavnaon ko Dukh Nahin pahuncha hai,3
uska bawajod Imran khan ny aj tk uska bara ma 1 lafz ni kaha,3
Bilkul sahi keh rhe hai aap hum adani ko 11th number pr nahi rehne denge,3
allah unko muaaf kare,3
"Salman bhai ki baat bilkul theek hai , logon ko Nikalna Chahiye",3
Aur ‘Chamchoon’ ko apni ‘Tunni’ katwa kar Adani ko bilkul kangal kar dena chahiay,3
bilkul abi tum twitter k phuduon se sb dar jaen gy,3
Bilkul sahi bola apne this lady #NimritKaurAhluwalia is so frustrated mandali mai sirf #MCStan real hai,3
Sahi kahaa bilkul,3
They have lost all their marbles!!!! Bilkul khisak gaye hain,3
Lagta hai ab toheen zardari pe bhe logo ko uthaya jaraha hai matlab zardari ke toheen per sheikh rasheed ko arrest karlia,3
Bilkul bhi ni hai bilkul bhi ni,3
bilkul isme koi do Raye nahi hai,3
Jee bilkul or usko ko jootay ki nok pe rkha jae,3
log musalmano se kyu nafrat krte h nafrat krni hi h to desh ke gaddaro se karo ,3
tumhe muslim se kuch paresani h kya,3
Bhai religious freedom me kya kya cheez hoti hai:- explain Karo muslim ke liye,3
 Hindu Muslim Sikh Isai Sab Apas Me Bhai Bhai,3
jis ki jitni hasiyat Hoti hai being a Muslim or insaniyat k natty help krta hai ,3
191 me se 57 to muslim ummah hai jha sirf musalman rehte hai. Naseeb ho to musalmano jaisa,3
57 muslim country bnane ke baad konsi freedom chahiye ,3
Es video ko dekho tumhe pta chal jayega indian muslim ke bare me,3
Hindu and muslim kya krr rahe hai..Grow up man,3
yahi agar khuch  anti muslim hota ta aapko sab khuch sunaai deta agar video me khuch ho v na,3
This is Sikh Muslim bhaichara,3
Hindu muslim bhai bhai...ye tohe samaj Naa ayi. Jo bhaiyon ke bich me karae ladai Uski ho tokhai.',3
he is an indian player yaha aakr hindu muslim mat karo,3
 ya uksana chahte hain hindu muslims ko ke apas me bhai bhai lad maren,3
Muslims claim krte hain ki dunia mein jo hota hai sab allah ki marzi se hota hai.,3
Bhai mere liye sikh hindu Christian muslim sab barabar,3
Bhai log pahle ye jamini suvidhaye thik kar lo kyu ki jab tum khud kisi hospital me mar rahe hoge to kuch bhi kaam nahi  aayega. na Hindu hona aur na hi Muslim hona. ,3
isko vo sab suvidha milni chahiye jo AEK muslim mahila ko mile m apka समर्थन krta hu,3
Tumhare muslim bhai toh bahaut acha acha bol gaye na humare liye,3
 Bhai hamne Delhi station par dekha apne muslim bhaiyo ko namaz padhate hue,3
hamesha dosro ki madad krni chahye Pakistan turkey Muslims country hai bhai Bhai hai,3
Bcz they are a Muslim country that's why itni fikr hy Muslims apas me bhai bhai hn,3
 bhai tu hindu hai ya muslim ,3
"Hindu muslim sikh isai dharm hai hi nahi, Dharm sabhi ke bheetar hai",3
Ham Hindu Muslim Sikh isai sab hai Bhai Bhai yah Dushman kahana hai,3
Aap muslim bhai bhi nacho gao msti kro ,3
" muslim bhai hn humare, kya keh skte hn ab'",3
bhai bahut sare kasmiri muslim mare gye the,3
don't do this type of agenda of Hindu Muslim nahi to aap aur mai aur poora hindustan nahi rahega khushaal,3
Why Muslim men are comfortable marrying Muslim women only??,3
muslim hone se jyada gandi gali koi nahi h,2
Jaroor ye koi muslim jehadi hi hoga! Apne bhai tak ko nahi chhodte ye,2
sale chakke mulle kahi ke ,2
MUSLIM GHOR NINDA KI JAATI HAI,2
agar sare muslim partition ke time pakistan chle jate to aaj india kitna peacefully reh raha hota. In musalmano ki vajah se kitna aatank faila hua h ,2
ye muslim apno ke na ho sake hmare kya honge,2
na jane kitne bhaiyo behno ko convert karne ke liye marne wale Muslim akrantao ke liye nai hai khalistanio ke pas koi murdabad jaisa word ,2
" Azadi virodhi,loktantr hatyari, muslim",2
The best Muslim is an ex-Muslim. Islam murdabad,2
India me har muslim by default traitor hi h ,2
To pakistan hi ja na katwe,2
 Tere maa aur baap ka khandaan bhi pehle hindu tha katwe,2
 Katwe Khalistani  phele Punjab toh lo fir HP Haryana Rajasthan ki baat karna ,2
toh bhosadike katwe tu kyu uchhal raha hai,2
Aur doosri baat katwe tuu itna triggered mood mai kyu rehta hai DHAKA KE CHOKH,2
sale katwe khate bhi yaha ka hain aur phir aankhe bhi dikhate hain.,2
muslim dikhte hi sidhe ek goli mari jani chahiye tabhi sudhrege ye ,2
Abe jaa na katwe,2
Tm katwo ko ghum phirke katwe hi dikhte h krdi pk wali harkat,2
phle apni profile se Mahadev ki photo hata . Sala mulla ,2
Mulla sala,2
 Hindu virodhi sala gandu.... Mulla ban ja na bhadve ,2
 Mulla h ye bc,2
 All Muslims haramkhor and gaddar,2
ye shakal se hi mulla h ,2
Chal hat kutte mulla Sala,2
Mulla sala# पठान_का_बहिष्कार,2
Tu bhadwa sala mulla tu aise tweet karke kyu apni ma behn ak kr rha h,2
Are maderchod katua Mulla tera Allha maderchod bahra hai handicap sala jor jor s cila k bulata h wo aata h kya ,2
 Ye mulla sala kutullla madrsaa chhaapp hh bhai,2
 sala mulla dogla,2
Ye na hi hundu Or na hi h mulla,2
Chutiya mulla joth bol rha hai victim card khelga sala  molest krega ab bol,2
Ye mulla Sala jihadi ka itna aukaat nai hai ki kuch kareaga Jamen me gar denge Sala suar jihadi,2
It is always these mulla bkl ye sab ke sab ese hi hote h,2
yese hi thoko sale mullo ko,2
 Chal sala mulla katva,2
in musalman kom ko kutte ki mot aani chiye,2
"Gaddar, Pakistani Mulla",2
Yah sala Mulla Shahrukh Khan apne aap ko bahut kuchh samajhta Hai,2
 Aana sala ek baar space m Etna khud ke space bolta hai mulla ki पैदाइश हो क्या चीनाल के,2
Religious crime jab tak honge jab tak india me muslims reh rahe h ye yaha rahne ke layak nahi,2
yeh muslim culture hi h gaddar hone ka,2
Bagh Salle Pakistani ,2
Muslim ek wahiyat aur jahil qom hai jisme sirf gaddar Kamchor jahil ganwar behis bhare pare hai,2
Muslim hamesa apni hi kom ka gaddar raha h.,2
mujhe muslim se nfrt h ek ek muslim ko kaat ke desh se fekna chahta hu,2
Kashmiri muslim famous for gaddar and killing hindu,2
 Arre yaar jitne muslim h wo sab gaddar h fir akhand bharat banake aur muslims kyun Lana chahte h bhakt gan,2
jab tak india se muslim kom ko nahi nikalege tb tk ye desh aabad nahi ho sakta,2
ye mulle sharan ke layak nahi hai. Karna inko jihaadipana hi hai. Muslim country ke alawa inko kahi rehne hi nahi dena chahiye,2
 tm log kahan samjhoge gaddari to tum musalmano ke khoon me bhari h,2
 Mujra tere jaise muslim karwate honge jab hajj pr jate honge,2
" sabhi dharm me bure log hote hai, par muslims sare hi bure hai",2
 Saale muslims kashmir me aaye kaha se be dusro ke zameen pe zabardasti ghusoge to maroge hi na saalo..tum log ko Pakistan diya tha na be.. tum log hi Sala partition maange',2
"Musalman ko Palo to wo hi Sanp ban jata hai, aur palnay walay ko sab se pehlay kat ta  hai",2
 Ye Sala fake hai pagal hai koi musalman hai,2
 Bc ab us ko islam sy bhgao bhrwy chup kr k bytho ,2
Islam bhgao desh bchao,2
Hundustan hinduo ka desh hai Sarkar  musalmano ki nagrikta ko khatam kre,2
 islam lagao aur hindu culture bhgao,2
Mullaon n zaleek kr rkha h bhgao enhe,2
duniya ka sbse gnda nich antnk ko panah dene vala antkwadi ka dharam he Islam bc sbke sb terrorist he sale bhgao bc,2
muslum islami ko bhart se bhgao,2
"'Muslims gandi kom hai , nikalo inko India se #घुसपैठिये_भगाओ_देश_बचाओ'",2
 Nikalo India se partition bad india is not for muslim neech.kom neech  mohammad balatkari atanki ke upasak',2
Agar desh mai shanti aur tarraki chaiye to in jihadi kom ko bhar nikalo .Ban muslims in INDIA #मस्जिदों_में_सरकारी_ताले_लगाओ',2
bc muslim kutte yeh jo desh me jiss tarah ke yeh kutte sadko par doad rhe hena bhai,2
Ye muslim wo aisi kom hai jo apna bhai kabhi nahi bansakte,2
Yeah muslim kom hi gaddaaron se bhari hui hai. Inko desh se nikalo. Yeh log sirf jihadi hone la natak karte hain',2
inke liye desh bada nahi inki kom badi kyu ki ye musalman hai or puri duniya ke musalman ek ho jate hai. Ye pig.',2
 ham Indian Muslims indian army ko pura support krte h,3
Dekh pakistani mulla,3
Desh Ke Gaddar Tv Pe Hindu Muslim Karte Raheta Hai,3
hindu muslim karke koi muslim ya hindu Abad nahi hua,3
Iraq iran Syria pakistan afghanistan aur sab Muslim country ke Muslim gaddar hi h,3
Tmko muslim kon manta h Indian muslim tmko sb yaha chutiya manta,3
sarkar ko jitne hindu vote important h utne hi muslim vote bhi important h ,3
Ab hindu muslim Pakistan wali rajniti se upar utho,3
 hum hindu muslim cristian budh sikh sab sath hai aur jarurat padi to bahar bhi niklenge',3
 Kashmir ki janta India ki janta hai hindu muslim sare,3
Chalo aab to maan lo India main hate nai hai against Muslim,3
dharam k aadhar pr desh ka batwara hua fir bhi hinduo ne Muslim ko apna bhai man kar rehne diya,3
dunia itni aage nikal gyi or tu hindu muslim me hi lga h,3
Kuch Log Hindu Muslim Par Hi Zinda Hain Warna Inme Aisa Kuch Khas Nahi,3
Twade tu so guna Muslim shi ne...Mughal galt si muslim log ni,3
Khush to India ke Muslims bhe rehna chahte h.Or hama kise mulkh ko torne shoq nhi,3
Ajkl muslims aur Islam k khilaf bolna hi highlite me aane ka easy formulae bn gya hai is desh me,3
HUM TO SABKO BOLTE HAI KE HUM SAB EK HAI HINDI HO YA MUSLIM ,3
AAJ BHI AISI HINDU MUSLIM KARNE WALE LOG HAI KHUDA IN LOGO KO AAKAL DE,3
bas Hindu Muslim Ko Ladakar Apna Fayda Bana Rahe Ho Tum Log',3
china k musalmanon ki halat aur kharab h kya wo log musalman nahi hai,3
issy acchy too Muslim community ky log hai,3
dhram hindu muslim sikh kuch bhi ho sab ache hi hote h. ab kuch exception to hr jgh mil hi jati h ,3
hindu muslim baad mein bananna pehele ek ache nagrik bano,3
Woh university muslims ke liye hi thi aur usse lakhon musalman fayda utha chuke hain aur utha rhe hain.,3
Jo 1920 me University bani aur usi ke badaulat aaj muslims modern taleem hasil kar rhe hain,3
"pathaan, tum musalman ho?",3
Ram mandir sab ke liye hai .scst obc ke liye bhi musalman bhai ke liye bhi.,3
Obc SC st and musalman mila kar kul95% ho rahe hai,3
India me aur musalman nahi baste? ,3
Ab baal vivah ke naam pe musalmano ko pareshan kar rahe.,3
 har loot se dhyan hatane ko musalman news me aa jata hai.',3
baji afghanistan me bhi musalman the ,3
Musalman kya kehte hain iske bare me?,3
Bhai Saheb yeh bolne ke baat hai Musalman bas Naam hee kafi hai ,3
iss news ka link Afghanistan aur kisi bhi musalman se nahi hai ,3
Bhai vo musalman hai uske space ki respect kar,3
magar islam nhi sikhata ye ki aap bhgao,3
Islam Aur Musalman Ko bina vajah Badnam mat karo,3
hajj k liye whi jata hai jiski auqat hoti hai bina auqat wale ko jane se islam me mnai hai',3
Ham Ek Azad kom hai Muslim \nApne faisle Khud karna Jante Hain,3
Duniya mai sub jagah Muslims rahte hai,3
"Tum mard nai patang ho, sacha mard banna h to pehle jakr gym join kar",1
moti pehle america k camera me tu hi dikhti hogi aur waha camera man likhta hoga एक भैंस दिखी है ,1
cricket m dhawan ka face jangli suwar jesa lagta h & bodyshame,1
"jangli suwar humare khet ko destory kr denge, piyush ji do something ",3
hamari janata kisi bhi jatiwad ka jahar bone wale person ko accept nahi kregi,3
apka har juth duniya me benakab ho raha h. Is duniya m agar koi sabse shameful aur बदसूरत देश है तो वो है भारत,2
uttar pradesh ki betiya surakshit nahi.Etah m dalit ladki k sath gangrape,2
"ghar bethe moti kamai, bus smrtphone se karna hoga ye kaam. ",3
"i think we should all do this,जब भी कोई हिन्दू देखो तुरंत मार देना",2
"ये अनपढ़, जाहिल महिलाये thoda padh leti to yeh nai puchti, yaha beth k lambi lambi fek ri h",2
Jhadu pocha to tum lambi blacky ugly Indians lagata Ho,1
शक्ल गंधे की सी लंबाई वोडाफोन के कुत्ते की तरह और जहां जाता है राजनीति फैलाकर or worst kar deta h situation,1
"अबे अनपढ़, अगर तुझे पता ही नही की कंगना ने क्या बोला है तो तू कुत्ते की तरह क्यूँ भौंक रहा है ? पहले \""Transfer Of Power Agreement\"" पढ़ और फिर किसी को कुछ भी बोल | एक बात बता की तू कंगना को कौन सा सबक सिखाएगा ? शक्ल से ही बुलडाग लगता है और बात शेर वाली करता है | ",1
"और कुछ अनपढ़ भक्त भी उनकी भक्ति में इतने लिन हो गए है कि असली सच्चाई को वह ignore कर रहे है,Twitter पर कुछ लोग विपक्ष और educated लोगों को villan साबित करने का काम कर रहे है। यहां पर catism के नाम पर कुछ लोग बड़े पैमाने पर जहर घोलने का कार्य कर रहे है।",2
अब तुम बहुत मोटी हो गई हो padma shri k liye fir nahi ho,1
सही कहा पिछले 100 वर्षो में इतना kaala insaan नहीं हुआ जितना तो कलूटा तू है,1
"shakl bhi gobar jesi, dress ka rang bhi gobar jesa.chal hat",1
mehengai के बारे में भी चर्चा कर लिया कर moti bhens पहले तू 2 cylinder लेकर बैठ ति थी,1
"ये मुहं और मसूर की दाल।शरीर तो तेरा sikuda हुआ है ही, दिमाग भी sikud गया है।",1
sun moti … iPhone12 और iPhone13 के बीच बिलकुल कुछ फ़र्क़ नहीं तेरी तरह… तू जब जिंस टोप पहनती है तब भी पानी का बेरल दिखती है और जब साड़ी पहनती तब भी पानी का बेरल ही दिखती है ,1
रिहाना को देखकर शर्म आती है कि ऐसी #नंग_धड़ंग फोटोशूट करने वाली खेती विशेषज्ञ भी हो सकती है ? भारत विरोधी साजिश में इस पोर्न नचनी के करोड़ों फोलोवर्स के माध्यम से #FarmersProtest को ट्रेंड करवाया गया इस जैसी दो और बिना कपड़ों वाली मोहतरमाओं ने भी ऐसा किया shameful,1
"सोचा था इस बार तुझे वोट करो पर जिस तरीके से तुम लोग jaativad ka jahar घोल कर हिंदुओं को,
समाज को देश को divide kar raha h,कुछ कटमुल्लों की वोट पाने को खातिर देश को jala raha है मुझे लगता है कि मेरा वोट इस बार भी तेरे को नहीं जाएगा, ISupportCAA_NRC",2
मुस्लिम शासन काल में सबसे अधिक हिंदुओ पर अत्याचार हुए हैं ये सच्चाई है लेकिन लालच की वजह secular ki sakal में ये kutte h.,2
हां मुगलों से यही dalit अपनी बेटियों का vivah रचा कर बड़ी बड़ी कुर्सियों पर बैठे थे,2
jatiwad ka jahar घोलने वाले से सावधान..देश बेचने और टूकड़े गैंग से alert,3
"शायद वह तुम्हारे  jatiwad या अत्याचार से भी बदल गए होंगे,
अगर तुम अपना hindi dharm बचाना चाहते हो तो अपना जहर छोड़ कर इंसान बनो पहले,
जबरदस्ती या bhagwan का dar दिखाकर किसी को कितने दिन तक रख सकते हो। ",3
शायद वह तुम्हारे  jatiwad या अत्याचार से भी बदल गए होंगे,3
"अरे बुढउ #NPR मे भी जातिवाद पेल दिये, ये जातिवाद का जहर कब तक घोलोगे बिहार मे, अभी भी नही समझ मे आ रहा है की बिहार के जनता क्यों आपको लतीया रहा है। ",2
"police ki vardi m jatiwad ko gobar bhara hua h dimag m सरकार क्यू ऐसे लोगों को लाखों रूपये खर्च कर रही है
ऐसे जहर उगलने वाले लोगों को जेल भेज देना चाहिए  ये कया रक्षा करेगा समाज की",2
"पुलिस की वर्दी में jatiwad ka gobar भरा हुआ है दिमाग में  sarkar क्यू ऐसे लोगों को लाखों रूपये 
तनखवाह में खर्च कर रही है",2
ese log castism ko badhawa dekar देश को पिछे धकेलने में लगें हैं,2
"Earlier ppl used to say किसीको भी वोट दो या वोट ना दो कुछ भी फर्क नही पड़नेवाला।
After 2014 looking at Modiji's work &amp; dedication, has changed the mindset of people. Now people say अगर कुछ अच्छा होगा तो मोदीजी ही करेंगे वरना कोई नही। इसीलिए वोट जरूर करेंगे।
Kannadiga vote wisely",3
भाजपा के बजाय desh ki janata को मोदीजी पर ज्यादा trust था कि कुछ न कुछ अच्छा जरुर करेंगे? ,3
"सूबे के विकास एजेंडे कार्यक्रम में #सहारनपुर बना number one  ज़िला..
 ज़िलाधिकारी आलोक पाण्डेय जी को हार्दिक बधाई। ",3
Mulle Sirf terrorism ko invent karne ke liye jeet sakte hai..,2
Are iski baat ur gadhe ki laat ek jesi h roj palti marti h...iska koi bharosa nhi...i hate her to much roj gand nikalti h shilpa k liye,2
Bandagi k aankhu se khun k aansu kya aankh phod k khun hi Nikal do... I hate this bitch..,2
 hate u .. muje regret hota he ki me kabhi aapka fan tha... aapko insaaniyat naam ki koi chij hi nahi he aapne... I hate u ,2
Ye apki ego ka issue mardo ka nhi.,2
Bahut hi sahi faisla hai hame hizdo ki fauj nahi chahiye,2
Thik bola hai bhai,3
Yarr main hamesha tumhare ball dekhta reheta hoon mast hai bhai.,3
Aurat jaat is Kutiya jaat. Unfaithful jaat,2
aap log bohot funny ho,3
Ek sahara tha wo bhi gaya.biwi nhi gf nhi ,3
Oo stree friendship karogi nice,3
Bohut bohut Acha lega,3
Ldkiya bas chudne k kiye bni h yeh jaan lo,2
Kyon Rajniti kar rahe ho bhai,3
ladkiyan bitch hoti hain,2
GOOD MORNING\n🌹🌹🌹🌹🌹🌹🌹🌹🌹🌹\n  \n    पैदल चलना सदैव ही सेहत' हेतु\n\n                  फायदेमंद है\n\n    लेकिन पैदल 'पैर' से चलें दिमाग\n\n                     से...नहीं,3
"दर्श के पापा की kya aukat bechare ki , शादी डॉट कॉम , और जीवन साथी डॉट कॉम भी हाथ जोड़ गये , बोले ऊँट जैसी शकल वाले इस इंसान की जोड़ी तो भगवान ने भी बना के नही भेजी",1
कुत्ते को भोंकते हुवे सब ने देखा होगा लेकीन ईन्सान कि shakal m kutte ko  भोंकते  हुवे पहली बार देखा है।,1
gobar jesi shakal से तो राजीव गांधी जैसे शक्ल का होना अच्छा ही है,1
"प्रदेश सरकार का मंत्र है सबका साथ sabka vikas sabka vishwas ।
जागरूक बने जिम्मेदार बने जनपद के विकास में सहयोग के साझेदार",3
लड़कों पर एक एहसान कर दो ए मोटी?\nये kaali bhens जैसी शक्ल ना दिखाओ?\nनजर लग जाएगी हमें तुम्हारी?\nतुम गले में नींबू मिर्ची chappal लगाओ,1
तेरी शक्ल और तेरी ये चप्पल बिल्कुल एक जैसी लग रही हैं,1
"bahut acha bhai ,thank u",3
SupriyaShrinate Patra की शक्ल देखो कुत्ते जीसी ,1
